Kingdom,Phylum,Class,Order,Family,Genus,Species,Barcode_trimmed
Animalia,Chordata,Actinopterygii,Acipenseriformes,Acipenseridae,Acipenser ,medirostris,CACCGCGGTTATACGAGAGGCCCCAACTGATAGTCCACGGCGTAAAGCGTGATTAAAGGATGCCTACTACACTAGAGCCAAAAGCCCCCTAAGCTGTCATACGCACCTGAAGGCCCGAAGCCCAACCACGAAGGTAGCTCTACCCAACAAGGACCCCTTGAACCCACGACAACTGAGACA
Animalia,Chordata,Actinopterygii,Acipenseriformes,Acipenseridae,Acipenser ,medirostris,CACCGCGGTTATACGAGAGGCCCCAACTGATAGTCCACGGCGTAAAGCGTGATTAAAGGATGCCTACTACACTAGAGCCAAAAGCCCCCTAAGCTGTCATACGCACCTGAAGGCCCGAAGCCCAACCACGAAGGTAGCTCTACCCAACAAGGACCCCTTGAACCCACGACAACTGAGACA
Animalia,Chordata,Actinopterygii,Acipenseriformes,Acipenseridae,Acipenser ,transmontanus,CACCGCGGTTATACGAGAGGCCCCAACTGATAGTCCACGGCGTAAAGCGTGATTAAAGGATGCCTACTACACTAGAGCCAAAAGCCTCCTAAGCCGTCATACGCACCTGAAGGCCCGAAGCCCAACCACGAAGGTAGCTCTACCTAACAAGGACCCCTTGAACCCACGACAACTGAGACA
Animalia,Chordata,Actinopterygii,Acipenseriformes,Acipenseridae,Acipenser ,transmontanus,CACCGCGGTTATACGAGAGGCCCCAACTGATAGTCCACGGCGTAAAGCGTGATTAAAGGATGCCTACTACACTAGAGCCAAAAGCCTCCTAAGCCGTCATACGCACCTGAAGGCCCGAAGCCCAACCACGAAGGTAGCTCTACCTAACAAGGACCCCTTGAACCCACGACAACTGAGACA
Animalia,Chordata,Actinopterygii,Atheriniformes,Atherinopsidae,Menidia,beryllina,CACCGCGGTTATACGAGAGGCCCAAGTTGATCGCCAACGGCGTAAAGGGTGGTTAAGGAACAAGAAAAATAAAGTCGAACGCCCTCAGGGCCGTCATACGCTTCCGAGGGTAAGAAGCCCCACTACGAAAGTGACTTTAGACAACCTGACCCCACGAAAGCTGCGAAA
Animalia,Chordata,Actinopterygii,Cypriniformes,Catostomidae,Catostomus,occidentalis,CACCGCGGTTATACGAGAGGCCCTAGTTGATAGGCACGGCGTAAAGGGTGGTTAAGGGAGTACACAAATAAAGCCGAAGGACCCTCTGGCCGTTATACGCTTCTGGACGCCCGAAGCCCAAATACGAAAGTAGCTTTAATTTAGCCCACCTGACCCCACGAAAACTGAGAAA
Animalia,Chordata,Actinopterygii,Perciformes,Centrarchidae,Archoplites,interruptus,CACCGCGGTTATACGAGAGGCCCGAGTTGATTAACTCCGGCGTAAAGCGTGGTTAAGATGAACTATAAACTAAAGCCGAATGCCCTCAAAGCTGTTATACGCTCCCGAAGGTAAGAAGCTCAATCACGAAAGTGGCTTTACACCACCTGAACCCACGAAAGCTACGACA
Animalia,Chordata,Actinopterygii,Perciformes,Centrarchidae,Lepomis,cyanellus,CACCGCGGTTATACGAGAGGCTCAAGTTGATAAACCCCGGCGTAAAGAGTGGTTAAGGAAAAATAGAAACTAAAGCCGAATGCTTTCAAGACTGTTATACGTTCCCGAGAGTAAGAAGACCAATTACGAAAGTGGCTTTACTTTACCTGACCCCACGAAAGCTACGACA
Animalia,Chordata,Actinopterygii,Perciformes,Centrarchidae,Lepomis,gulosus,CACCGCGGTTATACGAGAGGCTCAAGCTGATAAACCCCGGCGTAAAGAGTGGTTAAGAAAAAATAAAAACTAAAGCCGAATGCTTTCAAGACTGTTATACGTTCCCGAAAGTAAGAAGACCAATCACGAAAGTGGCTTTATTTTACCTGACCCCACGAAAGCTACGATA
Animalia,Chordata,Actinopterygii,Perciformes,Centrarchidae,Lepomis,macrochirus,CACCGCGGTTATACGAGAGGCTCAAGTTGATGAACCCCGGCGTAAAGAGTGGTTAAGGGAGATCAAAACTAAAGCCGAATGCTTTCAAAGCTGTTATACGCTTCCGAAAGTAAGAAGCTCAATCACGAAAGTGGCTTTACTTTACCTGACCCCACGAAAGCTACGACA
Animalia,Chordata,Actinopterygii,Perciformes,Centrarchidae,Lepomis,microlophus,NA
Animalia,Chordata,Actinopterygii,Perciformes,Centrarchidae,Micropterus,dolomieu,CACCGCGGTTATACGAGAGGCCCAAGTTGACAAACCCCGGCGTAAAGAGTGGTTAAGGAAAATTTAAAACTAAAGCCGAATGCCCCCAAAGCTGTTATACGCACCCGAGGGTAAGAAGCCCAATCACGAAAGTGGCTTTACACTACCTGAACCCACGAAAGCTATGAAA
Animalia,Chordata,Actinopterygii,Perciformes,Centrarchidae,Micropterus,punctulatus,CACCGCGGTTATACGAGAGGCCCAAGTTGACAAACCCCGGCGTAAAGAGTGGTTAAGAAGAGCTTAAAACTAAAGCCGAACACCCTCAAAGCTGTTATACGCACCCGAAGGTAAGAAGCCCAATCACGAAAGTGGCTTTACATTTCCTGAATCCACGAAAGCTATGAAA
Animalia,Chordata,Actinopterygii,Perciformes,Centrarchidae,Micropterus,salmoides,CACCGCGGTTATACGAGAGGCCCAAGTTGACAAACCCCGGCGTAAAGAGTGGTTAAGAAAAATTTAAAACTAAAGCCGAATGCCCTCAAAGCTGTTATACGCACCCGAAGGTAAGAAGCCCAATCACGAAAGTGGCTTTACATTTCCCGAACCCACGAAAGCTATGAAA
Animalia,Chordata,Actinopterygii,Perciformes,Centrarchidae,Pomoxis,annularis,CACCGCGGTTATACGAGAGGCTCAAGTTGATTAACCCCGGCGTAAAGAGTGGTTAAGATGAACTAATAACTAAAGCCGAATGCCCKCAAAGCTGTTATACGCACCCGAAGGAAAGAAGCTCAATCACGAAAGTGGCTTTACACCACCTGACCCCACGAAAGCTATGATA
Animalia,Chordata,Actinopterygii,Perciformes,Centrarchidae,Pomoxis,nigromaculatus,CACCGCGGTTATACGAGAGGCTCAAGTTGATTAACCCCGGCGTAAAGAGTGGTTAAGATGAACTATAAACTAAAGCCGAATGCCCTCAAAGCCGTTATACGCACTCGAAGGAAAGAAGCTCAATCACGAAAGTAGCTTTACATCACCTGAACCCACGAAAGCTATGAAA
Animalia,Chordata,Actinopterygii,Clupeiformes,Clupeidae,Alosa,sapidissima,CACCGCGGTTATACGAGAGGCCCTAGTTGATTCACTCGGCGTAAAGAGTGGTTATGGAGAATAAAATACTAAAGCCGAAGGCCCCTTAGGCCGTCATACGCACCTAGAGGCTCGAATTATAGACACGAAAGTAGCTTTACCCCTTCCCACCAGAACCCACGACAGCTGGGACA
Animalia,Chordata,Actinopterygii,Clupeiformes,Clupeidae,Dorosoma,petenense,CACCGCGGTTATACGAGAGACCCAAGTTGATAAGCCCGGCGTAAAGAGTGGTTATGGAGAATAAAATACTAAAGCTAAAGACCCCCTAGGCTGTTATACGCACCTGGCGGCTCGAACCCCCTATACGAAAGTAGCTTTACCCTCTTCCACCAGAACCCACGATAGCTGGGGCA
Animalia,Chordata,Actinopterygii,Cypriniformes,Cobitidae,Paramisgurnus,dabryanus,CACCGCGGTTATACGAGAGGCCCCAGTTGATGAACACGGCGTAAAGGGTGGTTAAGGTTTAACTAAAATAAAGTCAAAAGACTTCTTGGCCGTCATACGCCCCTGAACATCTGAAGCTCATATACGAAAGTAACTTTAATATTAGCCCACCTGACCCCACGAAAACTGAGAAA
Animalia,Chordata,Actinopterygii,Scorpaeniformes,Cottidae,Cottus,asper,CACCGCGGTTATACGAGAGGCCCAAGTTGACAAACACCGGCGTAAAGCGTGGTTAAGTTAAAAATCATACTAAAGCCAAACATCTTCAAGACTGTTATACGTAACCGAAGACAGGAAGTTCAACCACGAAAGTCGCTTTATCTGATCTGAATCCACGAAAGCTAAGGAA
Animalia,Chordata,Actinopterygii,Scorpaeniformes,Cottidae,Cottus,gulosus,CACCGCGGTTATACGAGAGGCCCAAGTTGACAAACACCGGCGTAAAGCGTGGTTAAGTTAAAAATCGTACTAAAGCCAAACATCTTCAAGACTGTTATACGTAACCGAAGACAGGAAGTTCAACCACGAAAGTCGCTTTATCTGATCTGAATCCACGAAAGCTAAGGAA
Animalia,Chordata,Actinopterygii,Scorpaeniformes,Cottidae,Leptocottus,armatus,CACCGCGGTTATACGAGAGGCCCAAGTTGACAAACACCGGCGTAAAGCGTGGTTAAGTTAAAAATCACACTAAAGCCAAACATCTTCAAGACTGTTATACGTAACCGAAGACAGGAAGTTCAACCACGAAAGTGGCTTTATCTGATCTGAACCCACGAAAGCTAAGGAA
Animalia,Chordata,Actinopterygii,Cypriniformes,Cyprinidae,Carassius,auratus,CACCGCGGTTAGACGAGAGGCCCTAGTTGATATTACAACGGCGTAAAGGGTGGTTAAGGATAAATAAAAATAAAGTCAAATGGCCCCTTGGCCGTCATACGCTTCTAGGCGTCCGAAGCCCTAATACGAAAGTAACTTTAATGAACCCACCTGACCCCACGAAAGCTGAGGAA
Animalia,Chordata,Actinopterygii,Cypriniformes,Cyprinidae,Cyprinella,lutrensis,CACCGCGGTTAGACGAGAGGCCCTAGTTGATAGAACAACGGCGTAAAGGGTGGTTAAGGATAGCGAGATAATAAAGTCGAATGGCCCTTTGGCTGTCATACGCTTCTAGGAGTCTGAAGCCCAATATACGAAAGTAACTTTAATAACGTCCACCTGACCCCACGAAAACTGAGAAA
Animalia,Chordata,Actinopterygii,Cypriniformes,Cyprinidae,Cyprinus,carpio,CACCGCGGTTAGACGAGAGGCCCTAGTTGATATTACAACGGCGTAAAGGGTGGTTAAGGATAAACAAAAATAAAGTCAAATGGCCCCTTGGCCGTCATACGCTTCTAGGAGTCCGAAGCCCTAATACGAAAGTAACTTTAATAAACCCACCTGACCCCACGAAAGCTGAGAAA
Animalia,Chordata,Actinopterygii,Cypriniformes,Cyprinidae,Hesperoleucus,symmetricus,CACCGCGGTTAAACGAGAGGCCCTAGTTGATAGTACAACGGCGTAAAGGGTGGTTAAGGAACGCAAATAATAAAGCCGAATGGCCCTTTGGCTGTCATACGCTTCTAGGTGTCCGAAGCCCAATATACGAAAGTAGCTTTAGAAAAGCCCACCTGACACCACGAAAGCTGAGGAA
Animalia,Chordata,Actinopterygii,Cypriniformes,Cyprinidae,Lavinia,exilicauda,CACCGCGGTTAAACGAGAGGCCCTAGTTGATAATACAACGGCGTAAAGGGTGGTTAAGGAACGCAAATAATAAAGCCGAATGGCCCTTTGGCTGTCATACGCTTCTAGGTGTCCGAAGCCCAATATACGAAAGTAGCTTTAGAAAAGCCCACCTGACACCACGAAAGCTGAGAAA
Animalia,Chordata,Actinopterygii,Cypriniformes,Cyprinidae,Mylopharodon,conocephalus,CACCGCGGTTAAACGAGAGGCCCTAGTTGATAGTATAACGGCGTAAAGGGTGGTTAAGGAAAGCAAATAATAAAGCCGAATGGCCCTTTGGCTGTCATACGCTTCTAGGTGTCCGAAGCCCAATATACGAAAGTAGCTTTAGAAAAGCCCACCTGACACCACGAAAGCTGAGAAA
Animalia,Chordata,Actinopterygii,Cypriniformes,Cyprinidae,Notemigonus,crysoleucas,CACCGCGGTTAAACGAGAGGCCCCAGTTAATAATACACGGCGTAAAGGGTGGTTAAGGAAAGCATGGTAATAAAGCCGAATGGCCCTTTGGCTGTCATACGCTTCTAGGTGTCCGAAGCCCAACGTACGAAAGTAACTTTAGTAAAACCCACCTGACCCCACGAAAGCTGAGAAA
Animalia,Chordata,Actinopterygii,Cypriniformes,Cyprinidae,Orthodon,microlepidotus,CACCGCGGTTAGACGAGAGGCCCCAGTTGATAGTACAACGGCGTAAAGGGTGGTTAAGGAAAGCAAAACAATAAAGTCAAATGGCCCTTTGGCTGTCATACGCTTCTAGGTGTCCGAAGTCCAACTATACGAAAGTAGCTTTAGAAAAGCCCACCTGACACCACGAAAGCTGAGAAA
Animalia,Chordata,Actinopterygii,Cypriniformes,Cyprinidae,Pimephales,promelas,CACCGCGGTTAAACGAGAGGCCCTAGTTGATATTACAACGGCGTAAAGGGTGGTTAAGGACAGCAAATCAATAAAGTCGAATGGCCCTTTGGCTGTCATACGCTTCTAGGAGTCCGAAGCCCAATATACGAAAGTAACTTTAAGAATGCCCACCTGACCCCACGAAAGCTGAGAAA
Animalia,Chordata,Actinopterygii,Cypriniformes,Cyprinidae,Pogonichthys,macrolepidotus,CACCGCGGTTAAACGAGAGGCCCCAGTTGATAATACAACGGCGTAAAGGGTGGTTAAGGAAAGCGAAACAATAAAGCCGAATGGCCCTTTGGCTGTCATACGCTTCTAGGAGTCCGAAGTCCAATATACGAAAGTAGCTTTAGAGAAGCCCACCTGACCCCACGAAAGCTGAGAAA
Animalia,Chordata,Actinopterygii,Cypriniformes,Cyprinidae,Ptychocheilus,grandis,NA
Animalia,Chordata,Actinopterygii,Cypriniformes,Cyprinidae,Rhinichthys,osculus,CGCCGCGGTTAAACGAGAGGCCCTAGTTGATGATACAACGGCGTAAAGGGTGGTTAAGGACAGTAAAATGATAAAGTCGAATGGCCCTTTGGCTGTCATACGCTTCTAGGAGTCCGAAGCCCAATATACGAAAGTAGCTTTAGAAAAGCCCACCTGACCCCACGAAAGCTGCGAAA
Animalia,Chordata,Actinopterygii,Cypriniformes,Cyprinidae,Siphatales,crassicauda,NA
Animalia,Chordata,Actinopterygii,Perciformes,Embiotocidae,Hysterocarpus,traskii,CACCGCGGTTATACGAGCGACCCAAGTTGAGAGACAACGGCGTAAAGGGTGGTTAAGGTACTAACAAACTAAAGCCGAAGGCCCTCAGGACTGTTATACGTTTCTGAAGGTAAGAAGTTCTTTTACGAAAGTAGCTTTAATATTCCTGACCCCACGAAAGCTGCGGAA
Animalia,Chordata,Actinopterygii,Cyprinodontiformes,Fundulidae,Lucania,goodei,CACCGCGGTTAAACGAGAGGCTCAAGTTGATAGCCTTCGGCGTAGAGCGTGGTTAAGGGACTAACAAACTAAAGCCGAATTTTCTCATGGCTGTTATACGCACCCGAGAATATGAAGCCCAGATACGAAAGTTGCTTTAAACAACCTGACCCCACGAAAGCTGTGGAA
Animalia,Chordata,Actinopterygii,Gasterosteiformes,Gasterosteidae,Gasterosteus ,aculeatus,CACCGCGGTTATACGAGAGGCCCAAGTTGATGAATTACGGCGTAAAGAGTGGTTAAGCTAAAATTAAAACTAAAGCCGAACACCCCCAAAGCTGTTATACGCATCCGGAGGTGAGAAGTTCAACCACGAAGGTGGCTTTATCTAACCTGAACCCACGAAAGCTACAGCA
Animalia,Chordata,Actinopterygii,Gasterosteiformes,Gasterosteidae,Gasterosteus ,aculeatus microcephalus,CACCGCGGTTATACGAGAGGCCCAAGTTGATGAATTCCGGCGTAAAGAGTGGTTAAGCTAAAATTAAAACTAAAGCCGAACGCCCCCAAAGCTGTTATACGCATCCGGAGGTGAGAAGTTCAACCACGAAGGTGGCTTTATTTAACCTGAACCCACGAAAGCTACGGCA
Animalia,Chordata,Actinopterygii,Perciformes,Gobionellinae,Tridentiger,bifasciatus,CACCGCGGTTATACGGGAGACCCAAGTTGACAAACGTCGGCGTAAAACGTGGTTTATTACATTATTACACTAAAGCTAAACCTCTTCAAGACTGTTGTACGTGTTCGAAAGAGAGAGAATCTTCTACGAAAGTGGCTTTAAATACTATGAACCCACGAAAGCTAGGAAA
Animalia,Chordata,Actinopterygii,Siluriformes,Ictaluridae,Ameiurus,catus,CACCGCGGTTATACGAAAGGCCCTAGTTGCTAGCCACGGCGTAAAGGGTGGTTAAGGGCAATTGTAAATAAAGCTAAAGACCCCCTAAGCCGTCATACGCATTCCGGGGGCACGAAACCCTAGCACGAAAGTAGCTTTAAAAATATACCTGACCCCACGAAAGCTAAGAAA
Animalia,Chordata,Actinopterygii,Siluriformes,Ictaluridae,Ameiurus,melas,CACCGCGGTTATACGAAAGACCCTAGTTGCTAGCCACGGCGTAAAGGGTGGTTAAGGACAACAACAAATAAAGCTAAAGATCCCCTAAGCCGTCATACGCATTCCGGGGGCACGAAGCCCTAACACGAAAGTAGCTTTAAAAAATATACCTGACCCCACGAAAGCTAAGAAA
Animalia,Chordata,Actinopterygii,Siluriformes,Ictaluridae,Ameiurus,nebulosus,CACCGCGGTTATACGAAAGGCCCTAGTTGCTAGCCACGGCGTAAAGGGTGGTTAAGGACAACAACAAATAAAGCTAAAGATCCCCTAAGCCGTCATACGCATTCCGGGGGCACGAAGCCCTAACACGAAAGTAGCTTTAAAAAATATACCTGACCCCACGAAAGCTAAGAAA
Animalia,Chordata,Actinopterygii,Siluriformes,Ictaluridae,Ictalurus,punctatus,CACCGCGGTTATACGAAAGACCCTAGTTGCTAGCCACGGCGTAAAGGGTGGTTAAGGACAACAATGAATAAAGCTAAAGACCCCCTGGGCCGTCATACGCATTTCGGGGGCACGAAACCCTAACACGAAAGTAGCTTTAAAAACACACCTGACCCCACGAAAGCTAAGAAA
Animalia,Chordata,Actinopterygii,Perciformes,Moronidae,Morone,saxatilis,CACCGCGGTTAAACGGGAGGCTCAAGTTGATAGACATCGGCGTAAAGCGTGGTTAAGGGCCCAACTTTTATACTAAAGCCGAACGCTCTTAGAGCAGTTATACGTACTGAGAGTAAGAAGATCAATTACGAAAGTAGCTTTACTCAAACCTGACCCCACGAAAGCTAAGGCA
Animalia,Chordata,Actinopterygii,Osmeriformes,Osmeridae,Hypomesus,nipponensis,CACCGCGGTTATACGAGTGGCCCAAGTTGAAGGTTGCCGGCGTAAAGAGTGGTTAGGGAATCAACAAACTAAAGCCGAACACCCTCCAGGCTGTTATACGCTCCTGAGGGCACGAAGCCCCACTACGAAAGTGGCTTTAATTCACCTGAACCCACGACAGCTAGGGTA
Animalia,Chordata,Actinopterygii,Osmeriformes,Osmeridae,Hypomesus,transpacificus,CACCGCGGTTATACGAGTGGCCCAAGTTGAAAGTTACCGGCGTAAAGAGTGGTTAGGGAAACAATAAACTAAAGCCGAACACCCTCTAGGCTGTTATACGCTTCTGAGGGCACGAAGCCCCACTACGAAAGTGGCTTTAATTCACCTGAACCCACGACAGCTAAGGCA
Animalia,Chordata,Actinopterygii,Osmeriformes,Osmeridae,Spirinchus,thaleichthys,CACCGCGGTTATACGAGTGGCCCAAGTTGAAAGTTACCGGCGTAAAGAGTGGTTAGGGAAATAATAAACTAAAGCCGAACACCCTCTAGGCTGTTATACGCTTCTGAGGGTACGAAGCCCCACTACGAAAGTGGCTTTAATTCGCCTGAACCCACGACAACTAAGATA
Animalia,Chordata,Actinopterygii,Gobiiformes,Oxudercidae,Acanthogobius,flavimanus,CACCGCGGTTATACGAGGGGCCCAAGTTGATAGACACCGGCACAAAATGTGGTAAGTACAAAAAGATACTAAAGCCGAACGCCTTCAAGACTGTTATAAGTTTTCGAAAATAGGAAGCCTACCCACGAAAGTGGCTTTAAGATATATGATCCACGAAAGCTAGGGTA
Animalia,Chordata,Actinopterygii,Perciformes,Percidae,Percina,macrolepida,CACCGCGGTTATACGAGAGGCCCAAGTTGATAATTACCGGCGTAAAGCGTGGTTAAGATTTTTATAAAACTAAAGCCGAACCCCTTCAGAGCTGTTATACGCACCCGAAGGTAAGAAGTTCAACCACGAAAGTGGCTTTACAGCCCCGAACCCACGAAAGCTAAGATA
Animalia,Chordata,Actinopterygii,Petromyzontiformes,Petromyzontidae,Entosphenus,tridentata,CACCGCGGTTATACGAGGAGCTCAAGCTGATATCTCCGGCACAAAGCGTGATTAAAATACTAGCTTAATTAATACTATAGAAGCCATCATGCCTGCTAGTTGAATAGGTATGCCTAAATATCTCAACATCGAAAGAATCTATACTAATAAACTCACTTTGACATCACGAAAGCAAAACTCA
Animalia,Chordata,Actinopterygii,Petromyzontiformes,Petromyzontidae,Lampetra,ayersi,CACCGCGGTTATACGAGGAGCTCAAGCTGATATCTCCGGCACAAAGCGTGATTAAAATACTAGCTTAATTAATACTATAGAAGCCATCATGCCTGCTAGTTGAATAGGTATGCCTAAATATCTCAACATCGAAAGAATCTATACTAATAAACTCACTTTGACATCACGAAAGCAAAACTCA
Animalia,Chordata,Actinopterygii,Petromyzontiformes,Petromyzontidae,Lampetra,richardsoni,NA
Animalia,Chordata,Actinopterygii,Pleuronectiformes,Pleuronectidae,Platichthys,stellatus,CACCGCGGTTATACGAGAGGCCCAAGTTGACAAACAACGGCGTAAAGAGTGGTTAGGGGATTTACTAAACTAGAGCCGAACGCTTTCAAAGCTGTTATACGCACCCGAAAGTATGAAACCCAATTACGAAAGTAGCTCTACCTATCCTGAACCCACGAAAGCTAAGGAA
Animalia,Chordata,Actinopterygii,Cyprinodontiformes,Poeciliidae,Gambusia,affinis,CACCGCGGTTATACGAGAGGCCCAAGTTGATAAAATACGGCGTAAAGCGTGGTTAAAAGCCCCCACTAAACTAAGACTAAACCTTTCCAAAGCTGTTATACGCACCCGGAAATATGAAACTCAACTACGAAAGTGGCCTTAATTTCCCCTTGACCCCACGAAAGCTGCGAAA
Animalia,Chordata,Actinopterygii,Salmoniformes,Salmonidae,Oncorhynchus,mykiss,CACCGCGGTTATACGAGAGGCCCTAGTTGATAACTACCGGCGTAAAGAGTGGTTATGGAAAAATATTTAATAAAGCCGAACACCCCCTCAGCCGTCATACGCACCTGGGAGCACGAAGACCTACTGCGAAAGCAGCTTTAACTATGCCTGACCCCACGACAGCTAAGAAA
Animalia,Chordata,Actinopterygii,Salmoniformes,Salmonidae,Oncorhynchus,mykiss irideus,NA
Animalia,Chordata,Actinopterygii,Salmoniformes,Salmonidae,Oncorhynchus,tshawytscha,CACCGCGGTTATACGAGAGGCCCTAGTTGATAACTACCGGCGTAAAGAGTGGTTATGGAAAAATATTTAATAAAGCCGAACACCCCCTCAGCCGTCATACGCACCTGGGGGCACGAAGACCTACTGCGAAAGCAGCTTTAATTACACCTGACCCCACGACAGCTAAGAAA
Animalia,Chordata,Actinopterygii,Salmoniformes,Salmonidae,Oncorhynchus,tshawytscha,CACCGCGGTTATACGAGAGGCCCTAGTTGATAACTACCGGCGTAAAGAGTGGTTATGGAAAAATATTTAATAAAGCCGAACACCCCCTCAGCCGTCATACGCACCTGGGGGCACGAAGACCTACTGCGAAAGCAGCTTTAATTACACCTGACCCCACGACAGCTAAGAAA
Animalia,Chordata,Actinopterygii,Salmoniformes,Salmonidae,Oncorhynchus,nerka,CACCGCGGTTATACGAGAGGCCCTAGTTGATAACTACCGGCGTAAAGAGTGGTTATGGAAAAATATTTAATAAAGCCGAACACCCCCTCAGCCGTCATACGCACCTGGGAGCACGAAGACCTACTGCGAAAGCAGCTTTAATTATGCCTGACCCCACGACAGCTAAGAAA
Animalia,Chordata,Amphibia,Anura,Ranidae,Lithobates,catesbeianus,CGCCGCGGCTACACCGTGGGGCTCGAGTTGATAGTCATCGGCGTTAAGCGTGATTAAAGTTATTACAAATTAAGGTTAAATTAATACTTAGTAGTTTTATGCTTGTTATTAAGAAATCCACAAACGAAAGTTACCCTAATTATTATGCTTGAATACACGACAGCTAGGAAAA